"M_0","V_0","K_0","R_0","b_q","b_a","b_p","p_S","p_H_cond_S","phi_E","phi_U","phi_S","h_V","gamma","N_0","E_0","z_0","C_0","social_distancing_start_time","quarantine_start_time","PCR_sens","sigma_M","beta_w_3","beta_w_2","beta_w_1","beta_w_0","g_0","g_F","sigma_epsilon","G_w_y_scaling"
5,13,14,5.87055409379307,0.212426997574832,0,0.929337679867612,0.217181954397586,0.17484781377887,1.09,1.09,0.2,0.125,154.627122232104,8e+06,44854.1715246278,7426.87103057886,0,17,22,0.9,0.275201785506483,0.01215073,0.9810086,-37.23481,229.4094,1183.3,0.1162005,109.1121,0.162
